customer_id,customer_name,gender,city,signup_date
1,Neha Sharma,Female,Hyderabad,2024-08-16
2,Vikram Nair,Male,Jaipur,2024-03-30
3,Manish Agarwal,Male,Delhi,2024-04-05
4,Rohit Gupta,Male,Jaipur,2024-07-22
5,Ishita Agarwal,Male,Ahmedabad,2025-08-26
6,Karan Reddy,Male,Bangalore,2025-12-15
7,Riya Kapoor,Female,Bangalore,2024-08-08
8,Arjun Singh,Male,Kolkata,2024-04-09
9,Meera Arora,Female,Lucknow,2024-09-27
10,Priya Nair,Female,Jaipur,2024-05-07
11,Harsh Singh,Female,Lucknow,2025-01-05
12,Manish Gupta,Male,Delhi,2025-11-08
13,Sneha Reddy,Female,Mumbai,2024-08-26
14,Neha Agarwal,Female,Ahmedabad,2025-10-12
15,Meera Verma,Female,Chennai,2024-08-02
16,Karan Nair,Male,Lucknow,2025-10-12
17,Anjali Yadav,Male,Bangalore,2025-04-18
18,Harsh Jain,Male,Chennai,2026-02-25
19,Priya Gupta,Male,Chennai,2025-02-14
20,Karan Singh,Male,Lucknow,2026-01-05
21,Arjun Gupta,Female,Kolkata,2025-10-20
22,Nikhil Verma,Female,Bangalore,2024-09-09
23,Ishita Yadav,Female,Lucknow,2025-03-14
24,Manish Agarwal,Female,Hyderabad,2024-05-21
25,Saurabh Mishra,Male,Delhi,2024-04-22
26,Vikram Malhotra,Male,Kolkata,2025-09-02
27,Amit Agarwal,Female,Lucknow,2025-04-24
28,Saurabh Jain,Male,Mumbai,2025-11-29
29,Ishita Reddy,Female,Chennai,2024-04-24
30,Pooja Agarwal,Male,Ahmedabad,2024-01-04
31,Karan Yadav,Male,Jaipur,2024-04-18
32,Pooja Arora,Male,Bangalore,2025-01-17
33,Anjali Yadav,Male,Lucknow,2024-11-27
34,Kavya Sharma,Male,Chennai,2026-04-06
35,Pooja Gupta,Male,Hyderabad,2025-08-03
36,Amit Singh,Female,Mumbai,2026-02-17
37,Ishita Reddy,Male,Bangalore,2025-11-06
38,Kavya Yadav,Male,Pune,2025-06-24
39,Shreya Agarwal,Male,Jaipur,2026-02-12
40,Rohit Nair,Female,Kolkata,2025-11-18
41,Meera Mishra,Female,Mumbai,2024-09-10
42,Sneha Singh,Female,Delhi,2025-08-25
43,Ishita Gupta,Male,Delhi,2024-03-13
44,Priya Gupta,Male,Delhi,2024-12-04
45,Amit Yadav,Male,Pune,2025-11-16
46,Kavya Gupta,Male,Lucknow,2025-08-13
47,Kavya Gupta,Female,Kolkata,2024-07-13
48,Neha Singh,Female,Chennai,2025-03-09
49,Riya Mishra,Male,Mumbai,2024-03-03
50,Harsh Nair,Female,Mumbai,2024-09-11
51,Rohit Gupta,Female,Bangalore,2025-03-08
52,Anjali Jain,Female,Hyderabad,2024-03-18
53,Nikhil Reddy,Male,Delhi,2025-10-29
54,Ishita Arora,Male,Mumbai,2026-02-10
55,Sneha Verma,Female,Ahmedabad,2025-05-07
56,Rohit Arora,Female,Delhi,2024-06-17
57,Harsh Sharma,Female,Pune,2026-03-13
58,Nikhil Jain,Female,Jaipur,2025-11-08
59,Kavya Verma,Male,Pune,2024-08-10
60,Priya Joshi,Male,Chennai,2024-02-28
61,Priya Joshi,Female,Jaipur,2025-06-27
62,Anjali Sharma,Male,Bangalore,2024-03-11
63,Shreya Singh,Male,Kolkata,2024-05-02
64,Manish Gupta,Male,Lucknow,2024-03-24
65,Riya Malhotra,Female,Pune,2024-07-28
66,Arjun Gupta,Female,Kolkata,2024-05-14
67,Pooja Mishra,Female,Mumbai,2024-01-10
68,Nikhil Joshi,Male,Mumbai,2025-07-04
69,Rohit Yadav,Female,Bangalore,2024-12-23
70,Amit Gupta,Female,Pune,2024-06-10
71,Nikhil Arora,Female,Lucknow,2026-04-06
72,Saurabh Sharma,Female,Mumbai,2024-05-17
73,Karan Singh,Male,Jaipur,2024-06-08
74,Karan Jain,Male,Chennai,2024-07-27
75,Karan Yadav,Female,Pune,2024-02-22
76,Amit Malhotra,Female,Pune,2024-02-15
77,Rahul Kapoor,Male,Pune,2024-06-14
78,Nikhil Yadav,Female,Jaipur,2024-01-10
79,Neha Singh,Male,Jaipur,2024-02-06
80,Meera Joshi,Male,Kolkata,2024-05-10
81,Priya Jain,Female,Delhi,2025-01-01
82,Rohit Malhotra,Male,Mumbai,2024-12-28
83,Ishita Arora,Female,Lucknow,2026-02-06
84,Vikram Gupta,Male,Bangalore,2025-02-26
85,Rahul Verma,Female,Kolkata,2026-04-01
86,Sneha Jain,Male,Mumbai,2025-01-26
87,Priya Arora,Female,Hyderabad,2024-07-23
88,Nikhil Kapoor,Female,Hyderabad,2024-08-16
89,Rahul Malhotra,Male,Kolkata,2024-12-02
90,Karan Arora,Male,Pune,2024-12-25
91,Saurabh Agarwal,Female,Delhi,2024-04-28
92,Karan Verma,Female,Delhi,2024-04-21
93,Shreya Agarwal,Female,Chennai,2025-03-22
94,Shreya Yadav,Male,Kolkata,2025-08-13
95,Rohit Jain,Male,Kolkata,2024-01-02
96,Saurabh Reddy,Male,Chennai,2025-03-17
97,Amit Malhotra,Female,Lucknow,2024-11-17
98,Neha Nair,Female,Jaipur,2024-11-12
99,Riya Kapoor,Female,Pune,2025-07-21
100,Vikram Gupta,Female,Kolkata,2025-11-24
101,Anjali Joshi,Female,Kolkata,2025-07-15
102,Rahul Jain,Female,Hyderabad,2025-03-16
103,Manish Joshi,Female,Ahmedabad,2025-03-28
104,Nikhil Malhotra,Male,Jaipur,2025-04-29
105,Anjali Malhotra,Male,Pune,2025-06-11
106,Shreya Kapoor,Male,Hyderabad,2025-11-19
107,Pooja Gupta,Male,Bangalore,2024-01-26
108,Priya Gupta,Female,Lucknow,2026-02-25
109,Amit Mishra,Female,Lucknow,2024-07-18
110,Harsh Mishra,Female,Hyderabad,2024-05-31
111,Rahul Reddy,Male,Kolkata,2024-08-12
112,Anjali Reddy,Female,Delhi,2025-07-24
113,Sneha Arora,Male,Ahmedabad,2024-05-16
114,Nikhil Malhotra,Female,Ahmedabad,2025-09-19
115,Saurabh Agarwal,Female,Bangalore,2026-01-31
116,Kavya Mishra,Female,Hyderabad,2025-10-14
117,Karan Reddy,Female,Hyderabad,2024-10-08
118,Nikhil Singh,Female,Hyderabad,2024-10-05
119,Arjun Kapoor,Male,Bangalore,2024-06-03
120,Sneha Agarwal,Male,Hyderabad,2024-03-06
121,Riya Agarwal,Female,Jaipur,2025-04-22
122,Riya Sharma,Male,Kolkata,2025-02-02
123,Manish Nair,Male,Lucknow,2025-01-24
124,Kavya Sharma,Female,Pune,2026-02-10
125,Harsh Arora,Female,Jaipur,2026-02-04
126,Ishita Reddy,Male,Ahmedabad,2024-08-12
127,Karan Agarwal,Female,Delhi,2025-02-02
128,Arjun Malhotra,Female,Bangalore,2025-04-23
129,Vikram Joshi,Male,Kolkata,2025-08-29
130,Manish Malhotra,Male,Mumbai,2025-10-20
131,Riya Verma,Female,Bangalore,2024-02-21
132,Karan Agarwal,Female,Hyderabad,2025-04-10
133,Arjun Kapoor,Female,Pune,2026-02-09
134,Riya Jain,Male,Ahmedabad,2024-01-20
135,Ishita Sharma,Female,Hyderabad,2025-10-27
136,Amit Reddy,Male,Delhi,2024-09-10
137,Rohit Arora,Male,Lucknow,2024-06-05
138,Sneha Verma,Female,Mumbai,2025-07-31
139,Rohit Mishra,Female,Chennai,2024-06-20
140,Shreya Joshi,Male,Bangalore,2024-11-14
141,Neha Joshi,Male,Pune,2025-08-12
142,Harsh Agarwal,Male,Mumbai,2025-08-29
143,Sneha Singh,Female,Lucknow,2026-04-04
144,Neha Reddy,Male,Chennai,2025-06-29
145,Riya Malhotra,Female,Mumbai,2025-06-02
146,Arjun Sharma,Female,Ahmedabad,2024-04-18
147,Riya Kapoor,Female,Bangalore,2025-03-21
148,Anjali Nair,Female,Lucknow,2026-04-07
149,Ishita Reddy,Female,Ahmedabad,2025-03-22
150,Manish Jain,Female,Hyderabad,2026-04-30
151,Amit Jain,Female,Hyderabad,2026-02-07
152,Nikhil Joshi,Female,Chennai,2024-01-30
153,Kavya Arora,Female,Bangalore,2025-05-14
154,Rohit Kapoor,Female,Chennai,2024-10-13
155,Shreya Nair,Female,Jaipur,2024-01-11
156,Saurabh Gupta,Male,Hyderabad,2026-01-07
157,Riya Mishra,Male,Ahmedabad,2025-10-23
158,Kavya Mishra,Male,Mumbai,2024-10-28
159,Sneha Agarwal,Male,Pune,2025-11-10
160,Manish Kapoor,Female,Jaipur,2025-06-27
161,Meera Agarwal,Female,Chennai,2025-12-20
162,Nikhil Jain,Female,Pune,2024-08-24
163,Neha Nair,Male,Chennai,2024-05-02
164,Ishita Reddy,Male,Hyderabad,2024-08-09
165,Kavya Jain,Female,Mumbai,2024-07-17
166,Pooja Gupta,Female,Bangalore,2024-11-05
167,Rahul Nair,Male,Pune,2024-02-16
168,Priya Yadav,Female,Bangalore,2025-10-15
169,Kavya Singh,Male,Lucknow,2024-10-18
170,Kavya Mishra,Female,Chennai,2024-07-07
171,Priya Jain,Female,Mumbai,2026-04-21
172,Amit Agarwal,Female,Mumbai,2025-08-13
173,Priya Verma,Male,Lucknow,2024-11-07
174,Amit Gupta,Male,Jaipur,2026-02-21
175,Riya Joshi,Male,Jaipur,2025-01-24
176,Nikhil Mishra,Female,Lucknow,2025-03-15
177,Pooja Joshi,Male,Lucknow,2026-01-27
178,Neha Reddy,Male,Hyderabad,2024-09-27
179,Amit Verma,Male,Bangalore,2025-07-19
180,Amit Verma,Male,Kolkata,2025-04-06
181,Shreya Mishra,Female,Delhi,2024-08-25
182,Pooja Nair,Female,Ahmedabad,2024-03-13
183,Sneha Jain,Male,Kolkata,2024-04-27
184,Ishita Gupta,Male,Pune,2026-04-26
185,Vikram Singh,Male,Bangalore,2026-03-22
186,Pooja Joshi,Female,Ahmedabad,2024-05-07
187,Nikhil Nair,Female,Kolkata,2024-10-05
188,Saurabh Yadav,Female,Ahmedabad,2024-03-23
189,Shreya Sharma,Female,Chennai,2025-09-10
190,Karan Sharma,Male,Hyderabad,2025-11-21
191,Manish Joshi,Male,Pune,2025-08-13
192,Priya Reddy,Male,Ahmedabad,2025-06-15
193,Nikhil Jain,Male,Lucknow,2025-03-22
194,Kavya Singh,Female,Chennai,2025-02-22
195,Arjun Kapoor,Male,Bangalore,2024-12-03
196,Riya Nair,Female,Pune,2025-11-09
197,Harsh Arora,Male,Ahmedabad,2024-03-31
198,Arjun Jain,Female,Mumbai,2026-03-02
199,Harsh Arora,Male,Jaipur,2025-04-18
200,Riya Sharma,Male,Jaipur,2025-01-05
201,Shreya Reddy,Female,Ahmedabad,2026-02-17
202,Priya Gupta,Female,Jaipur,2024-05-14
203,Pooja Mishra,Female,Mumbai,2024-01-30
204,Shreya Reddy,Male,Bangalore,2024-11-14
205,Ishita Sharma,Female,Mumbai,2024-08-18
206,Neha Mishra,Male,Bangalore,2025-05-25
207,Pooja Yadav,Female,Kolkata,2025-05-09
208,Kavya Gupta,Female,Jaipur,2024-05-28
209,Harsh Gupta,Male,Mumbai,2024-10-09
210,Riya Kapoor,Female,Delhi,2024-10-16
211,Pooja Arora,Female,Bangalore,2025-04-02
212,Ishita Mishra,Female,Chennai,2025-07-19
213,Ishita Agarwal,Female,Chennai,2024-07-12
214,Sneha Joshi,Female,Hyderabad,2026-03-05
215,Riya Sharma,Female,Ahmedabad,2025-12-23
216,Harsh Agarwal,Male,Ahmedabad,2024-02-07
217,Vikram Yadav,Female,Mumbai,2025-03-26
218,Neha Yadav,Female,Delhi,2026-01-09
219,Vikram Agarwal,Male,Mumbai,2025-04-25
220,Karan Kapoor,Female,Mumbai,2024-12-02
221,Ishita Agarwal,Female,Ahmedabad,2025-07-08
222,Priya Joshi,Male,Hyderabad,2025-10-08
223,Pooja Gupta,Male,Kolkata,2024-04-10
224,Neha Mishra,Male,Pune,2024-01-30
225,Priya Kapoor,Male,Pune,2025-01-02
226,Meera Agarwal,Male,Hyderabad,2025-06-27
227,Riya Joshi,Male,Bangalore,2024-06-28
228,Amit Joshi,Female,Lucknow,2025-11-30
229,Sneha Mishra,Male,Hyderabad,2025-04-17
230,Karan Mishra,Female,Delhi,2026-04-03
231,Nikhil Jain,Male,Mumbai,2025-03-28
232,Meera Joshi,Female,Kolkata,2025-12-07
233,Karan Mishra,Female,Hyderabad,2025-01-28
234,Kavya Singh,Male,Kolkata,2025-08-08
235,Meera Joshi,Female,Pune,2024-01-23
236,Harsh Jain,Male,Lucknow,2025-12-03
237,Priya Joshi,Female,Pune,2026-03-05
238,Sneha Joshi,Female,Hyderabad,2025-10-13
239,Rohit Joshi,Female,Bangalore,2025-10-05
240,Neha Malhotra,Male,Pune,2026-03-18
241,Nikhil Sharma,Female,Bangalore,2024-04-02
242,Pooja Kapoor,Female,Bangalore,2024-07-24
243,Vikram Reddy,Female,Jaipur,2025-05-28
244,Karan Arora,Male,Pune,2026-04-24
245,Kavya Reddy,Female,Chennai,2026-04-03
246,Neha Mishra,Male,Bangalore,2026-02-11
247,Sneha Arora,Female,Jaipur,2025-01-09
248,Amit Reddy,Female,Delhi,2024-09-27
249,Ishita Singh,Female,Chennai,2025-11-19
250,Karan Joshi,Female,Chennai,2024-04-20
251,Sneha Mishra,Male,Lucknow,2025-07-28
252,Arjun Joshi,Male,Mumbai,2025-10-12
253,Nikhil Nair,Female,Kolkata,2024-04-29
254,Vikram Sharma,Male,Pune,2025-05-19
255,Neha Singh,Male,Jaipur,2024-05-18
256,Harsh Mishra,Female,Jaipur,2025-03-05
257,Manish Nair,Male,Kolkata,2025-11-01
258,Neha Arora,Female,Lucknow,2025-02-21
259,Karan Sharma,Female,Hyderabad,2025-03-30
260,Nikhil Gupta,Female,Mumbai,2025-12-03
261,Meera Yadav,Female,Delhi,2025-02-11
262,Karan Gupta,Male,Ahmedabad,2024-04-03
263,Rohit Malhotra,Male,Delhi,2026-03-16
264,Arjun Gupta,Male,Lucknow,2024-07-29
265,Amit Arora,Male,Lucknow,2024-08-09
266,Sneha Kapoor,Male,Lucknow,2024-01-03
267,Karan Arora,Male,Bangalore,2025-07-07
268,Karan Reddy,Male,Mumbai,2025-11-07
269,Rahul Verma,Male,Chennai,2026-03-19
270,Sneha Joshi,Female,Delhi,2024-06-27
271,Karan Sharma,Male,Kolkata,2025-06-22
272,Neha Nair,Male,Ahmedabad,2025-04-04
273,Meera Yadav,Male,Ahmedabad,2025-05-30
274,Sneha Joshi,Male,Jaipur,2024-11-04
275,Nikhil Malhotra,Male,Delhi,2025-05-05
276,Harsh Agarwal,Male,Ahmedabad,2025-12-30
277,Nikhil Singh,Male,Chennai,2025-09-14
278,Vikram Singh,Male,Pune,2025-10-01
279,Manish Yadav,Female,Kolkata,2025-09-03
280,Saurabh Jain,Female,Jaipur,2025-09-11
281,Riya Singh,Male,Jaipur,2026-01-08
282,Rohit Agarwal,Female,Hyderabad,2025-02-27
283,Arjun Arora,Female,Kolkata,2025-03-01
284,Neha Kapoor,Female,Chennai,2025-11-12
285,Karan Kapoor,Male,Ahmedabad,2024-03-09
286,Amit Arora,Male,Mumbai,2025-03-18
287,Neha Nair,Female,Bangalore,2025-07-23
288,Priya Joshi,Female,Mumbai,2025-02-24
289,Meera Arora,Female,Delhi,2024-10-21
290,Shreya Jain,Female,Mumbai,2025-08-14
291,Saurabh Gupta,Male,Ahmedabad,2024-08-17
292,Neha Kapoor,Female,Mumbai,2026-02-19
293,Karan Joshi,Male,Kolkata,2025-07-28
294,Shreya Joshi,Male,Lucknow,2025-11-04
295,Karan Sharma,Male,Pune,2025-12-20
296,Pooja Kapoor,Female,Delhi,2024-07-04
297,Vikram Joshi,Female,Mumbai,2024-05-25
298,Rahul Singh,Male,Kolkata,2025-03-05
299,Nikhil Kapoor,Male,Chennai,2024-11-15
300,Arjun Reddy,Male,Delhi,2024-06-08
301,Anjali Reddy,Male,Mumbai,2024-10-05
302,Nikhil Malhotra,Female,Ahmedabad,2025-09-13
303,Nikhil Agarwal,Female,Hyderabad,2026-02-12
304,Saurabh Singh,Female,Kolkata,2024-04-23
305,Pooja Malhotra,Female,Jaipur,2025-11-14
306,Pooja Sharma,Male,Kolkata,2025-09-05
307,Priya Sharma,Male,Pune,2024-08-04
308,Vikram Reddy,Female,Pune,2024-12-01
309,Neha Sharma,Female,Kolkata,2024-06-28
310,Vikram Agarwal,Male,Jaipur,2025-07-26
311,Meera Singh,Female,Delhi,2025-03-22
312,Rahul Mishra,Male,Chennai,2025-08-12
313,Riya Joshi,Female,Kolkata,2024-10-23
314,Neha Agarwal,Male,Chennai,2024-06-24
315,Shreya Mishra,Female,Mumbai,2025-03-23
316,Neha Gupta,Female,Lucknow,2025-02-14
317,Saurabh Singh,Female,Pune,2026-02-02
318,Arjun Gupta,Female,Bangalore,2024-03-19
319,Saurabh Malhotra,Male,Jaipur,2025-06-06
320,Rohit Reddy,Female,Chennai,2026-01-14
321,Vikram Gupta,Male,Bangalore,2024-09-19
322,Rohit Verma,Male,Mumbai,2024-06-30
323,Kavya Mishra,Female,Lucknow,2025-10-20
324,Shreya Kapoor,Female,Bangalore,2025-03-26
325,Amit Mishra,Female,Pune,2026-03-26
326,Karan Joshi,Male,Chennai,2025-06-03
327,Amit Jain,Female,Ahmedabad,2024-02-08
328,Priya Kapoor,Female,Mumbai,2025-10-22
329,Amit Joshi,Female,Ahmedabad,2025-08-17
330,Ishita Reddy,Male,Ahmedabad,2026-04-09
331,Manish Malhotra,Male,Chennai,2025-09-11
332,Kavya Yadav,Male,Delhi,2025-04-06
333,Neha Reddy,Female,Mumbai,2025-05-31
334,Anjali Sharma,Male,Ahmedabad,2025-03-25
335,Saurabh Yadav,Male,Chennai,2025-01-16
336,Pooja Agarwal,Female,Chennai,2025-11-26
337,Shreya Sharma,Female,Mumbai,2024-12-03
338,Neha Yadav,Female,Pune,2024-09-15
339,Shreya Arora,Male,Chennai,2024-03-24
340,Manish Malhotra,Male,Chennai,2024-11-13
341,Harsh Verma,Male,Pune,2025-07-26
342,Harsh Malhotra,Female,Bangalore,2025-11-17
343,Saurabh Singh,Female,Jaipur,2025-01-05
344,Rahul Kapoor,Female,Bangalore,2024-08-07
345,Arjun Reddy,Female,Hyderabad,2024-08-19
346,Vikram Verma,Male,Pune,2026-03-18
347,Neha Yadav,Male,Chennai,2026-02-23
348,Shreya Verma,Female,Bangalore,2024-06-15
349,Anjali Arora,Male,Ahmedabad,2024-02-14
350,Riya Kapoor,Male,Ahmedabad,2025-09-17
351,Pooja Reddy,Female,Hyderabad,2025-06-30
352,Sneha Jain,Female,Hyderabad,2025-01-11
353,Manish Mishra,Female,Pune,2026-03-07
354,Harsh Yadav,Female,Bangalore,2026-04-16
355,Rohit Reddy,Male,Pune,2024-02-23
356,Kavya Arora,Female,Jaipur,2024-04-15
357,Saurabh Arora,Male,Pune,2024-03-26
358,Anjali Jain,Female,Jaipur,2024-05-30
359,Riya Singh,Male,Ahmedabad,2024-12-23
360,Rahul Agarwal,Male,Kolkata,2025-05-29
361,Meera Gupta,Female,Mumbai,2025-01-18
362,Sneha Sharma,Female,Mumbai,2026-01-01
363,Arjun Reddy,Male,Bangalore,2024-02-09
364,Pooja Arora,Female,Bangalore,2026-02-16
365,Kavya Mishra,Male,Mumbai,2024-01-20
366,Karan Gupta,Male,Jaipur,2026-01-14
367,Shreya Yadav,Female,Mumbai,2026-03-05
368,Pooja Gupta,Female,Mumbai,2024-02-18
369,Sneha Agarwal,Female,Mumbai,2024-04-23
370,Kavya Joshi,Male,Jaipur,2025-08-11
371,Sneha Nair,Male,Pune,2025-03-15
372,Rahul Joshi,Female,Hyderabad,2025-08-07
373,Riya Verma,Male,Jaipur,2025-01-04
374,Amit Yadav,Male,Kolkata,2025-04-26
375,Priya Malhotra,Female,Chennai,2024-09-16
376,Rahul Kapoor,Male,Chennai,2024-09-03
377,Neha Reddy,Female,Bangalore,2024-02-15
378,Meera Yadav,Female,Bangalore,2026-04-30
379,Nikhil Nair,Female,Bangalore,2026-04-10
380,Vikram Singh,Female,Delhi,2024-10-27
381,Rohit Sharma,Male,Delhi,2024-11-19
382,Pooja Yadav,Female,Jaipur,2025-04-29
383,Karan Sharma,Male,Pune,2024-12-31
384,Priya Arora,Female,Pune,2024-05-07
385,Meera Agarwal,Female,Ahmedabad,2025-01-30
386,Arjun Verma,Female,Ahmedabad,2025-01-11
387,Saurabh Jain,Male,Kolkata,2024-03-21
388,Riya Joshi,Male,Jaipur,2024-10-27
389,Arjun Singh,Male,Chennai,2025-11-07
390,Pooja Jain,Female,Lucknow,2026-01-04
391,Riya Verma,Female,Chennai,2025-04-02
392,Priya Nair,Female,Lucknow,2025-03-21
393,Karan Malhotra,Male,Mumbai,2025-11-18
394,Harsh Kapoor,Male,Delhi,2024-05-26
395,Shreya Malhotra,Female,Delhi,2024-05-09
396,Amit Gupta,Female,Chennai,2025-01-27
397,Manish Sharma,Male,Ahmedabad,2025-01-14
398,Meera Mishra,Male,Lucknow,2024-05-20
399,Saurabh Kapoor,Female,Chennai,2025-10-27
400,Karan Gupta,Male,Delhi,2026-01-23
401,Anjali Mishra,Female,Jaipur,2024-04-30
402,Karan Reddy,Female,Ahmedabad,2024-08-07
403,Shreya Jain,Female,Hyderabad,2024-05-05
404,Vikram Arora,Male,Ahmedabad,2024-06-25
405,Nikhil Singh,Female,Chennai,2025-12-27
406,Amit Yadav,Female,Pune,2024-06-10
407,Anjali Reddy,Female,Jaipur,2024-08-17
408,Neha Gupta,Male,Hyderabad,2026-03-20
409,Kavya Sharma,Female,Jaipur,2025-08-09
410,Meera Mishra,Male,Lucknow,2024-03-29
411,Amit Jain,Female,Ahmedabad,2025-06-22
412,Riya Reddy,Female,Lucknow,2024-03-16
413,Vikram Kapoor,Male,Ahmedabad,2025-04-22
414,Saurabh Kapoor,Male,Jaipur,2025-10-17
415,Manish Verma,Male,Kolkata,2025-05-29
416,Priya Arora,Male,Jaipur,2024-06-05
417,Pooja Verma,Male,Chennai,2025-12-27
418,Sneha Kapoor,Female,Mumbai,2024-09-13
419,Rohit Malhotra,Female,Bangalore,2025-10-02
420,Pooja Joshi,Male,Jaipur,2025-10-18
421,Anjali Joshi,Male,Bangalore,2025-11-05
422,Shreya Nair,Female,Lucknow,2024-02-12
423,Rahul Singh,Male,Lucknow,2024-09-28
424,Rohit Reddy,Female,Lucknow,2025-10-16
425,Rahul Mishra,Female,Pune,2025-05-09
426,Sneha Reddy,Female,Pune,2025-04-09
427,Amit Nair,Male,Bangalore,2025-03-26
428,Riya Mishra,Female,Hyderabad,2024-12-14
429,Shreya Verma,Female,Chennai,2026-01-21
430,Meera Agarwal,Male,Chennai,2025-06-11
431,Ishita Singh,Female,Hyderabad,2025-04-22
432,Neha Jain,Female,Hyderabad,2024-05-24
433,Neha Sharma,Female,Kolkata,2025-09-22
434,Riya Gupta,Male,Chennai,2025-08-14
435,Arjun Gupta,Male,Ahmedabad,2025-06-11
436,Nikhil Mishra,Female,Ahmedabad,2024-01-24
437,Amit Agarwal,Female,Hyderabad,2024-08-08
438,Manish Kapoor,Male,Delhi,2024-10-15
439,Kavya Joshi,Female,Pune,2025-07-03
440,Rahul Arora,Male,Kolkata,2024-05-17
441,Karan Nair,Female,Kolkata,2025-01-09
442,Priya Agarwal,Male,Lucknow,2025-07-29
443,Rohit Kapoor,Female,Mumbai,2025-01-30
444,Saurabh Mishra,Female,Lucknow,2025-11-27
445,Shreya Singh,Male,Mumbai,2025-02-07
446,Meera Reddy,Female,Jaipur,2025-01-09
447,Vikram Gupta,Female,Jaipur,2024-02-11
448,Priya Sharma,Male,Chennai,2026-04-03
449,Kavya Yadav,Female,Bangalore,2025-09-12
450,Saurabh Verma,Female,Lucknow,2024-11-22
451,Anjali Agarwal,Female,Lucknow,2024-12-10
452,Saurabh Arora,Female,Lucknow,2024-11-02
453,Kavya Arora,Male,Chennai,2024-12-05
454,Neha Agarwal,Female,Delhi,2025-09-03
455,Kavya Jain,Male,Delhi,2025-08-20
456,Kavya Verma,Female,Bangalore,2026-04-21
457,Sneha Sharma,Male,Hyderabad,2024-01-20
458,Nikhil Kapoor,Female,Bangalore,2025-02-26
459,Rohit Agarwal,Female,Delhi,2025-12-23
460,Vikram Yadav,Male,Jaipur,2024-11-28
461,Kavya Yadav,Female,Chennai,2024-06-26
462,Nikhil Yadav,Female,Jaipur,2024-12-28
463,Karan Joshi,Female,Hyderabad,2024-09-09
464,Karan Yadav,Female,Hyderabad,2024-10-31
465,Pooja Nair,Male,Ahmedabad,2024-11-20
466,Kavya Kapoor,Female,Pune,2024-05-04
467,Manish Malhotra,Female,Kolkata,2026-04-18
468,Meera Reddy,Male,Pune,2024-02-13
469,Pooja Nair,Male,Chennai,2025-03-28
470,Karan Nair,Female,Hyderabad,2024-07-25
471,Ishita Jain,Female,Bangalore,2024-04-21
472,Shreya Nair,Male,Hyderabad,2024-02-21
473,Saurabh Gupta,Male,Delhi,2024-04-12
474,Riya Kapoor,Female,Mumbai,2025-11-28
475,Vikram Sharma,Male,Kolkata,2025-10-30
476,Kavya Mishra,Male,Pune,2024-11-24
477,Pooja Malhotra,Male,Mumbai,2025-10-29
478,Manish Gupta,Male,Bangalore,2025-03-03
479,Anjali Sharma,Female,Ahmedabad,2024-07-09
480,Pooja Sharma,Male,Pune,2025-08-04
481,Shreya Singh,Female,Pune,2025-04-10
482,Ishita Yadav,Female,Bangalore,2025-05-31
483,Nikhil Jain,Male,Mumbai,2024-12-04
484,Anjali Nair,Female,Pune,2026-01-05
485,Anjali Sharma,Female,Pune,2025-08-04
486,Rohit Verma,Female,Kolkata,2025-06-11
487,Arjun Singh,Female,Mumbai,2024-07-08
488,Vikram Mishra,Female,Hyderabad,2024-01-07
489,Karan Agarwal,Male,Ahmedabad,2026-02-10
490,Karan Kapoor,Female,Lucknow,2026-01-10
491,Manish Sharma,Female,Chennai,2025-12-10
492,Sneha Sharma,Male,Ahmedabad,2024-11-10
493,Anjali Agarwal,Female,Mumbai,2025-10-16
494,Pooja Kapoor,Male,Hyderabad,2024-05-16
495,Kavya Verma,Female,Lucknow,2025-01-17
496,Riya Nair,Female,Jaipur,2026-04-01
497,Rohit Reddy,Male,Lucknow,2026-03-17
498,Amit Yadav,Female,Jaipur,2025-12-21
499,Meera Singh,Male,Delhi,2026-04-28
500,Ishita Yadav,Male,Lucknow,2025-07-03
